-- phpMyAdmin SQL Dump
-- version 4.0.10deb1
-- http://www.phpmyadmin.net
--
-- Servidor: localhost
-- Tiempo de generación: 17-02-2017 a las 12:46:59
-- Versión del servidor: 5.5.54-0ubuntu0.14.04.1
-- Versión de PHP: 5.5.9-1ubuntu4.21

SET FOREIGN_KEY_CHECKS=0;
SET SQL_MODE = "NO_AUTO_VALUE_ON_ZERO";
SET time_zone = "+00:00";


/*!40101 SET @OLD_CHARACTER_SET_CLIENT=@@CHARACTER_SET_CLIENT */;
/*!40101 SET @OLD_CHARACTER_SET_RESULTS=@@CHARACTER_SET_RESULTS */;
/*!40101 SET @OLD_COLLATION_CONNECTION=@@COLLATION_CONNECTION */;
/*!40101 SET NAMES utf8 */;

--
-- Base de datos: `indicadores_ods`
--
CREATE DATABASE IF NOT EXISTS `indicadores_ods` DEFAULT CHARACTER SET latin1 COLLATE latin1_swedish_ci;
USE `indicadores_ods`;

-- --------------------------------------------------------

--
-- Estructura de tabla para la tabla `agrupamientoRefGeografica`
--

DROP TABLE IF EXISTS `agrupamientoRefGeografica`;
CREATE TABLE IF NOT EXISTS `agrupamientoRefGeografica` (
  `id1` int(11) unsigned NOT NULL,
  `id2` int(11) unsigned NOT NULL,
  PRIMARY KEY (`id1`,`id2`),
  KEY `refGeografica_ibfk_2` (`id2`)
) ENGINE=InnoDB DEFAULT CHARSET=latin1;

--
-- Volcado de datos para la tabla `agrupamientoRefGeografica`
--

INSERT INTO `agrupamientoRefGeografica` (`id1`, `id2`) VALUES
(31, 1),
(54, 1),
(57, 1),
(62, 1),
(63, 1),
(75, 1),
(76, 1),
(77, 1),
(78, 1),
(83, 1),
(88, 1),
(94, 1),
(95, 1),
(96, 1),
(98, 1),
(100, 1),
(101, 1),
(102, 1),
(103, 1),
(104, 1),
(106, 1),
(107, 1),
(108, 1),
(109, 1),
(110, 1),
(111, 1),
(112, 1),
(113, 1),
(114, 1),
(115, 1),
(116, 1),
(117, 1),
(118, 1),
(119, 1),
(120, 1),
(121, 1),
(122, 1),
(123, 1),
(124, 1),
(126, 1),
(127, 1),
(128, 1),
(129, 1),
(130, 1),
(131, 1),
(132, 1),
(133, 1),
(134, 1),
(135, 1),
(136, 1),
(137, 1),
(138, 1),
(139, 1),
(140, 1),
(141, 1),
(143, 1),
(144, 1),
(145, 1),
(146, 1),
(147, 1),
(148, 1),
(149, 1),
(150, 1),
(151, 1),
(152, 1),
(153, 1),
(154, 1),
(155, 1),
(156, 1),
(157, 1),
(158, 1),
(159, 1),
(161, 1),
(162, 1),
(163, 1),
(164, 1),
(165, 1),
(166, 1),
(167, 1),
(168, 1),
(169, 1),
(170, 1),
(171, 1),
(172, 1),
(173, 1),
(174, 1),
(176, 1),
(177, 1),
(178, 1),
(179, 1),
(180, 1),
(181, 1),
(182, 1),
(183, 1),
(184, 1),
(185, 1),
(186, 1),
(187, 1),
(188, 1),
(189, 1),
(190, 1),
(191, 1),
(192, 1),
(193, 1),
(194, 1),
(195, 1),
(196, 1),
(197, 1),
(198, 1),
(199, 1),
(200, 1),
(201, 1),
(202, 1),
(203, 1),
(204, 1),
(205, 1),
(206, 1),
(207, 1),
(208, 1),
(209, 1),
(210, 1),
(211, 1),
(212, 1),
(213, 1),
(214, 1),
(216, 1),
(376, 1),
(386, 1),
(410, 1),
(411, 1),
(412, 1),
(413, 1),
(414, 1),
(421, 1),
(552, 1),
(51, 2),
(319, 2),
(320, 2),
(321, 2),
(322, 2),
(323, 2),
(324, 2),
(325, 2),
(326, 2),
(327, 2),
(329, 2),
(330, 2),
(373, 2),
(374, 2),
(538, 2),
(539, 2),
(41, 3),
(48, 3),
(50, 3),
(67, 3),
(97, 3),
(99, 3),
(105, 3),
(282, 3),
(293, 3),
(295, 3),
(312, 3),
(315, 3),
(335, 3),
(336, 3),
(337, 3),
(343, 3),
(344, 3),
(349, 3),
(352, 3),
(353, 3),
(394, 3),
(395, 3),
(396, 3),
(453, 3),
(471, 3),
(332, 4),
(333, 4),
(341, 4),
(342, 4),
(345, 4),
(346, 4),
(347, 4),
(348, 4),
(380, 4),
(404, 4),
(405, 4),
(406, 4),
(438, 4),
(514, 4),
(516, 4),
(512, 5),
(520, 5),
(522, 5),
(523, 5),
(524, 5),
(525, 5),
(526, 5),
(527, 5),
(528, 5),
(530, 5),
(531, 5),
(532, 5),
(535, 5),
(536, 5),
(537, 5),
(38, 6),
(240, 6),
(242, 6),
(328, 6),
(354, 6),
(355, 6),
(356, 6),
(357, 6),
(358, 6),
(359, 6),
(360, 6),
(361, 6),
(362, 6),
(363, 6),
(364, 6),
(365, 6),
(366, 6),
(367, 6),
(368, 6),
(369, 6),
(370, 6),
(371, 6),
(372, 6),
(375, 6),
(409, 6),
(475, 6),
(30, 7),
(33, 7),
(40, 7),
(47, 7),
(59, 7),
(66, 7),
(69, 7),
(70, 7),
(71, 7),
(72, 7),
(74, 7),
(79, 7),
(80, 7),
(81, 7),
(82, 7),
(84, 7),
(85, 7),
(86, 7),
(87, 7),
(89, 7),
(90, 7),
(91, 7),
(92, 7),
(93, 7),
(454, 7),
(25, 8),
(26, 8),
(27, 8),
(28, 8),
(29, 8),
(32, 8),
(35, 8),
(39, 8),
(42, 8),
(43, 8),
(44, 8),
(45, 8),
(46, 8),
(49, 8),
(52, 8),
(56, 8),
(58, 8),
(316, 9),
(317, 9),
(318, 9),
(391, 9),
(392, 9),
(393, 9),
(397, 9),
(400, 9),
(468, 9),
(299, 10),
(300, 10),
(301, 10),
(302, 10),
(303, 10),
(304, 10),
(305, 10),
(306, 10),
(307, 10),
(308, 10),
(309, 10),
(310, 10),
(311, 10),
(313, 10),
(314, 10),
(452, 10),
(34, 11),
(285, 11),
(286, 11),
(287, 11),
(288, 11),
(289, 11),
(290, 11),
(291, 11),
(292, 11),
(294, 11),
(296, 11),
(297, 11),
(298, 11),
(415, 11),
(416, 11),
(417, 11),
(418, 11),
(419, 11),
(420, 11),
(422, 11),
(518, 11),
(519, 11),
(55, 12),
(263, 12),
(265, 12),
(267, 12),
(272, 12),
(273, 12),
(274, 12),
(275, 12),
(276, 12),
(277, 12),
(278, 12),
(279, 12),
(280, 12),
(281, 12),
(283, 12),
(284, 12),
(350, 12),
(463, 12),
(175, 13),
(250, 13),
(254, 13),
(256, 13),
(257, 13),
(259, 13),
(260, 13),
(261, 13),
(269, 13),
(270, 13),
(271, 13),
(377, 13),
(378, 13),
(379, 13),
(428, 13),
(429, 13),
(430, 13),
(551, 13),
(36, 14),
(37, 14),
(53, 14),
(60, 14),
(61, 14),
(64, 14),
(65, 14),
(68, 14),
(73, 14),
(383, 14),
(384, 14),
(385, 14),
(387, 14),
(388, 14),
(389, 14),
(390, 14),
(423, 14),
(464, 15),
(465, 15),
(481, 15),
(482, 15),
(483, 15),
(484, 15),
(485, 15),
(486, 15),
(487, 15),
(488, 15),
(489, 15),
(490, 15),
(491, 15),
(492, 15),
(493, 15),
(494, 15),
(340, 16),
(398, 16),
(399, 16),
(401, 16),
(402, 16),
(403, 16),
(407, 16),
(408, 16),
(435, 16),
(436, 16),
(439, 16),
(478, 16),
(479, 16),
(243, 17),
(244, 17),
(245, 17),
(246, 17),
(247, 17),
(248, 17),
(249, 17),
(251, 17),
(252, 17),
(253, 17),
(255, 17),
(258, 17),
(262, 17),
(264, 17),
(266, 17),
(268, 17),
(451, 17),
(455, 17),
(462, 17),
(466, 17),
(467, 17),
(470, 17),
(474, 17),
(125, 18),
(142, 18),
(160, 18),
(223, 18),
(230, 18),
(231, 18),
(232, 18),
(233, 18),
(234, 18),
(235, 18),
(236, 18),
(237, 18),
(238, 18),
(239, 18),
(241, 18),
(351, 18),
(427, 18),
(476, 18),
(477, 18),
(226, 19),
(229, 19),
(456, 19),
(457, 19),
(458, 19),
(459, 19),
(460, 19),
(461, 19),
(480, 19),
(334, 20),
(338, 20),
(339, 20),
(381, 20),
(382, 20),
(517, 20),
(540, 20),
(424, 21),
(425, 21),
(426, 21),
(431, 21),
(432, 21),
(433, 21),
(434, 21),
(440, 21),
(441, 21),
(442, 21),
(443, 21),
(444, 21),
(445, 21),
(446, 21),
(447, 21),
(448, 21),
(449, 21),
(450, 21),
(515, 21),
(215, 22),
(217, 22),
(218, 22),
(219, 22),
(220, 22),
(221, 22),
(222, 22),
(224, 22),
(225, 22),
(227, 22),
(228, 22),
(469, 22),
(472, 22),
(473, 22),
(529, 22),
(533, 22),
(534, 22),
(541, 22),
(542, 22),
(543, 22),
(544, 22),
(545, 22),
(546, 22),
(547, 22),
(548, 22),
(549, 22),
(550, 22),
(331, 23),
(437, 23),
(509, 23),
(521, 23),
(553, 23),
(495, 24),
(496, 24),
(497, 24),
(498, 24),
(499, 24),
(500, 24),
(501, 24),
(502, 24),
(503, 24),
(504, 24),
(505, 24),
(506, 24),
(507, 24),
(508, 24),
(510, 24),
(511, 24),
(513, 24);

-- --------------------------------------------------------

--
-- Estructura de tabla para la tabla `desgloces`
--

DROP TABLE IF EXISTS `desgloces`;
CREATE TABLE IF NOT EXISTS `desgloces` (
  `id` int(11) unsigned NOT NULL AUTO_INCREMENT,
  `descripcion` varchar(5000) COLLATE utf8_spanish_ci NOT NULL COMMENT 'descripcion del desgloce',
  PRIMARY KEY (`id`)
) ENGINE=InnoDB  DEFAULT CHARSET=utf8 COLLATE=utf8_spanish_ci AUTO_INCREMENT=0 ;

-- --------------------------------------------------------
INSERT INTO `desgloces` (`id`, `descripcion`) VALUES
(0, 'Sin desglose');



--
-- Estructura de tabla para la tabla `desglocesIndicadores`
--

DROP TABLE IF EXISTS `desglocesIndicadores`;
CREATE TABLE IF NOT EXISTS `desglocesIndicadores` (
  `idIndicador` int(11) unsigned NOT NULL,
  `idDesgloce` int(11) unsigned NOT NULL,
  PRIMARY KEY (`idIndicador`,`idDesgloce`),
  KEY `idIndicador` (`idIndicador`),
  KEY `idDesgloce` (`idDesgloce`)
) ENGINE=InnoDB DEFAULT CHARSET=latin1;

-- --------------------------------------------------------

--
-- Estructura de tabla para la tabla `etiquetas`
--

DROP TABLE IF EXISTS `etiquetas`;
CREATE TABLE IF NOT EXISTS `etiquetas` (
  `id` int(11) unsigned NOT NULL 	,
  `descripcion` varchar(5000) COLLATE utf8_spanish_ci NOT NULL COMMENT 'descripcion de la etiqueta',
  `fkIdDesgloce` int(11) unsigned NOT NULL COMMENT 'clave foranea desgloce',
  PRIMARY KEY (`id`),
  KEY `fkIdDesgloce` (`fkIdDesgloce`)
) ENGINE=InnoDB  DEFAULT CHARSET=utf8 COLLATE=utf8_spanish_ci AUTO_INCREMENT=0 ;

INSERT INTO `etiquetas` (`id`, `descripcion`, `fkIdDesgloce`) VALUES
(0, 'Sin etiqueta', 0);

-- --------------------------------------------------------

--
-- Estructura de tabla para la tabla `indicadores`
--

DROP TABLE IF EXISTS `indicadores`;
CREATE TABLE IF NOT EXISTS `indicadores` (
  `id` int(11) unsigned NOT NULL AUTO_INCREMENT,
  `fkIdMeta` int(11) unsigned NOT NULL COMMENT 'clave foranea meta',
  `codigo` varchar(4) COLLATE utf8_spanish_ci NOT NULL COMMENT 'código del indicador',
  `descripcion` varchar(5000) COLLATE utf8_spanish_ci NOT NULL COMMENT 'descripcion del indicador',
  `tipo` enum('porcentual','entero','real') COLLATE utf8_spanish_ci NOT NULL COMMENT 'tipo de indicador',
  `valMin` bigint(20) NOT NULL COMMENT 'valor minimo dentro del dominio',
  `valMax` bigint(20) NOT NULL COMMENT 'valor maximo dentro del dominio',
  `ambito` enum('N','P','D','L','R') COLLATE utf8_spanish_ci NOT NULL COMMENT 'ambito al que pertenece el indicador',
  `visible` tinyint(1) NOT NULL DEFAULT '0' COMMENT 'Visibilidad del indicador a nivel Nacional',
  `idUsuario` int(11) unsigned NOT NULL,
  `fechaModificacion` datetime NOT NULL,
  `fechasDestacadas` varchar(100) COLLATE utf8_spanish_ci DEFAULT NULL,
  `documentpath` varchar(200) COLLATE utf8_spanish_ci DEFAULT NULL,
  `fechaMetaIntermedia` date DEFAULT NULL,
  `valorEsperadoMetaIntermedia` decimal(15,6) DEFAULT NULL,
  `fechaMetaFinal` date DEFAULT NULL,
  `valorEsperadoMetaFinal` decimal(15,6) DEFAULT NULL,
  PRIMARY KEY (`id`),
  KEY `fkIdMeta` (`fkIdMeta`),
  KEY `ndxUsuario` (`idUsuario`)
) ENGINE=InnoDB  DEFAULT CHARSET=utf8 COLLATE=utf8_spanish_ci AUTO_INCREMENT=0 ;

-- --------------------------------------------------------

--
-- Estructura de tabla para la tabla `metas`
--

DROP TABLE IF EXISTS `metas`;
CREATE TABLE IF NOT EXISTS `metas` (
  `id` int(11) unsigned NOT NULL AUTO_INCREMENT,
  `codigo` varchar(4) COLLATE utf8_spanish_ci NOT NULL COMMENT 'código de la meta',
  `descripcion` varchar(5000) COLLATE utf8_spanish_ci NOT NULL COMMENT 'descripcion de la meta',
  `ambito` enum('N','P','D','L','R') COLLATE utf8_spanish_ci NOT NULL,
  `fkIdObjetivo` int(11) unsigned NOT NULL COMMENT 'clave foranea tabla objetivos',
  `idUsuario` int(11) unsigned NOT NULL,
  `fechaModificacion` datetime NOT NULL,
  PRIMARY KEY (`id`),
  KEY `fkIdObjetivo` (`fkIdObjetivo`),
  KEY `ndxUsuario` (`idUsuario`)
) ENGINE=InnoDB  DEFAULT CHARSET=utf8 COLLATE=utf8_spanish_ci AUTO_INCREMENT=0 ;


--
-- Estructura de tabla para la tabla `objetivos`
--

DROP TABLE IF EXISTS `objetivos`;
CREATE TABLE IF NOT EXISTS `objetivos` (
  `id` int(11) unsigned NOT NULL AUTO_INCREMENT,
  `codigo` varchar(4) COLLATE utf8_spanish_ci NOT NULL COMMENT 'código del objetivo',
  `descripcion` varchar(5000) COLLATE utf8_spanish_ci NOT NULL COMMENT 'descripcion del objtivo',
  PRIMARY KEY (`id`),
  UNIQUE KEY `codigo` (`codigo`)
) ENGINE=InnoDB  DEFAULT CHARSET=utf8 COLLATE=utf8_spanish_ci AUTO_INCREMENT=0 ;

--
-- Volcado de datos para la tabla `objetivos`
--

INSERT INTO `objetivos` (`id`, `codigo`, `descripcion`) VALUES
(1, '1', 'Poner fin a la pobreza en todas sus formas en todo el mundo'),
(2, '2', 'Poner fin al hambre, lograr la seguridad alimentaria y la mejora de la nutrición y promover la agricultura sostenible'),
(3, '3', 'Garantizar una vida sana y promover el bienestar para todos en todas las edades'),
(4, '4', 'Garantizar una educación inclusiva, equitativa y de calidad y promover oportunidades de aprendizaje durante toda la vida para todos'),
(5, '5', 'Lograr la igualdad entre los géneros y empoderar a todas las mujeres y las niñas'),
(6, '6', 'Garantizar la disponibilidad de agua y su gestión sostenible y el saneamiento para todos'),
(7, '7', 'Garantizar el acceso a una energía asequible, segura, sostenible y moderna para todos'),
(8, '8', 'Promover el crecimiento económico sostenido, inclusivo y sostenible, el empleo pleno y productivo y el trabajo decente para todos'),
(9, '9', 'Construir infraestructuras resilientes, promover la industrialización inclusiva y sostenible y fomentar la innovación'),
(10, '10', 'Reducir la desigualdad en y entre los países'),
(11, '11', 'Lograr que las ciudades y los asentamientos humanos sean inclusivos, seguros, resilientes y sostenibles'),
(12, '12', 'Garantizar modalidades de consumo y producción sostenibles'),
(13, '13', 'Adoptar medidas urgentes para combatir el cambio climático y sus efectos'),
(14, '14', 'Conservar y utilizar en forma sostenible los océanos, los mares y los recursos marinos para el desarrollo sostenible'),
(15, '15', 'Proteger, restablecer y promover el uso sostenible de los ecosistemas terrestres, gestionar los bosques de forma sostenible de los bosques, luchar contra la desertificación, detener e invertir la degradación de las tierras y poner freno a la pérdida de la diversidad biológica'),
(16, '16', 'Promover sociedades pacíficas e inclusivas para el desarrollo sostenible, facilitar el acceso a la justicia para todos y crear instituciones eficaces, responsables e inclusivas a todos los niveles'),
(17, '17', 'Fortalecer los medios de ejecución y revitalizar la Alianza Mundial para el Desarrollo Sostenible Finanzas');

-- --------------------------------------------------------

--
-- Estructura de tabla para la tabla `refGeografica`
--

DROP TABLE IF EXISTS `refGeografica`;
CREATE TABLE IF NOT EXISTS `refGeografica` (
  `id` int(11) unsigned NOT NULL AUTO_INCREMENT,
  `descripcion` varchar(5000) COLLATE utf8_spanish_ci NOT NULL COMMENT 'descripcion de la referencia geografica',
  `ambito` enum('N','P','D','L','R') COLLATE utf8_spanish_ci NOT NULL COMMENT 'ambito de la ref. geografica',
  PRIMARY KEY (`id`)
) ENGINE=InnoDB  DEFAULT CHARSET=utf8 COLLATE=utf8_spanish_ci AUTO_INCREMENT=0 ;

--
-- Volcado de datos para la tabla `refGeografica`
--

INSERT INTO `refGeografica` (`id`, `descripcion`, `ambito`) VALUES
(0, 'PAIS', 'N'),
(1, 'BUENOS AIRES', 'P'),
(2, 'CATAMARCA', 'P'),
(3, 'CHACO', 'P'),
(4, 'CHUBUT', 'P'),
(5, 'CIUDAD AUTONOMA DE BUENOS AIRES', 'P'),
(6, 'CORDOBA', 'P'),
(7, 'CORRIENTES', 'P'),
(8, 'ENTRE RIOS', 'P'),
(9, 'FORMOSA', 'P'),
(10, 'JUJUY', 'P'),
(11, 'LA PAMPA', 'P'),
(12, 'LA RIOJA', 'P'),
(13, 'MENDOZA', 'P'),
(14, 'MISIONES', 'P'),
(15, 'NEUQUEN', 'P'),
(16, 'RIO NEGRO', 'P'),
(17, 'SALTA', 'P'),
(18, 'SAN JUAN', 'P'),
(19, 'SAN LUIS', 'P'),
(20, 'SANTA CRUZ', 'P'),
(21, 'SANTA FE', 'P'),
(22, 'SANTIAGO DEL ESTERO', 'P'),
(23, 'TIERRA DEL FUEGO', 'P'),
(24, 'TUCUMAN', 'P'),
(25, 'CONCORDIA', 'D'),
(26, 'SAN SALVADOR', 'D'),
(27, 'VILLAGUAY', 'D'),
(28, 'COLON', 'D'),
(29, 'FEDERAL', 'D'),
(30, 'CAPITAL', 'D'),
(31, 'ALMIRANTE BROWN', 'D'),
(32, 'NOGOYA', 'D'),
(33, 'ITATI', 'D'),
(34, 'ATREUCO', 'D'),
(35, 'TALA', 'D'),
(36, 'CAINGUAS', 'D'),
(37, 'LEANDRO N. ALEM', 'D'),
(38, 'PRESIDENTE ROQUE SAENZ PENA', 'D'),
(39, 'GUALEGUAYCHU', 'D'),
(40, 'BERON DE ASTRADA', 'D'),
(41, 'QUITILIPI', 'D'),
(42, 'ISLAS DEL IBICUY', 'D'),
(43, 'GUALEGUAY', 'D'),
(44, 'FEDERACION', 'D'),
(45, 'LA PAZ', 'D'),
(46, 'FELICIANO', 'D'),
(47, 'GENERAL PAZ', 'D'),
(48, 'PRESIDENCIA DE LA PLAZA', 'D'),
(49, 'VICTORIA', 'D'),
(50, 'SAN LORENZO', 'D'),
(51, 'CAPAYAN', 'D'),
(52, 'DIAMANTE', 'D'),
(53, 'MONTECARLO', 'D'),
(54, 'LA PLATA', 'D'),
(55, 'CORONEL FELIPE VARELA', 'D'),
(56, 'URUGUAY', 'D'),
(57, 'PRESIDENTE PERON', 'D'),
(58, 'PARANA', 'D'),
(59, 'MERCEDES', 'D'),
(60, 'APOSTOLES', 'D'),
(61, 'CANDELARIA', 'D'),
(62, 'CARLOS CASARES', 'D'),
(63, 'SALADILLO', 'D'),
(64, 'LIBERTADOR GENERAL SAN MARTIN', 'D'),
(65, 'CAPITAL', 'D'),
(66, 'CONCEPCION', 'D'),
(67, 'O''HIGGINS', 'D'),
(68, 'ELDORADO', 'D'),
(69, 'SAN ROQUE', 'D'),
(70, 'SALADAS', 'D'),
(71, 'MBURUCUYA', 'D'),
(72, 'SAN LUIS DEL PALMAR', 'D'),
(73, 'SAN PEDRO', 'D'),
(74, 'SANTO TOME', 'D'),
(75, 'PEHUAJO', 'D'),
(76, 'TRENQUE LAUQUEN', 'D'),
(77, 'GENERAL BELGRANO', 'D'),
(78, 'LAS FLORES', 'D'),
(79, 'GENERAL ALVEAR', 'D'),
(80, 'SAN MARTIN', 'D'),
(81, 'PASO DE LOS LIBRES', 'D'),
(82, 'MONTE CASEROS', 'D'),
(83, 'GENERAL GUIDO', 'D'),
(84, 'CURUZU CUATIA', 'D'),
(85, 'SAUCE', 'D'),
(86, 'ESQUINA', 'D'),
(87, 'ITUZAINGO', 'D'),
(88, 'OLAVARRIA', 'D'),
(89, 'SAN MIGUEL', 'D'),
(90, 'GOYA', 'D'),
(91, 'LAVALLE', 'D'),
(92, 'BELLA VISTA', 'D'),
(93, 'EMPEDRADO', 'D'),
(94, 'ROJAS', 'D'),
(95, 'SAN ANTONIO DE ARECO', 'D'),
(96, 'MAIPU', 'D'),
(97, '9 DE JULIO', 'D'),
(98, 'ARRECIFES', 'D'),
(99, '2 DE ABRIL', 'D'),
(100, 'CAPITAN SARMIENTO', 'D'),
(101, 'CARMEN DE ARECO', 'D'),
(102, 'PINAMAR', 'D'),
(103, 'SALTO', 'D'),
(104, 'EXALTACION DE LA CRUZ', 'D'),
(105, 'TAPENAGA', 'D'),
(106, 'ESCOBAR', 'D'),
(107, 'SAN MIGUEL', 'D'),
(108, 'SAN ANDRES DE GILES', 'D'),
(109, 'JUNIN', 'D'),
(110, 'MERCEDES', 'D'),
(111, 'GENERAL VILLEGAS', 'D'),
(112, 'PILAR', 'D'),
(113, 'LUJAN', 'D'),
(114, 'HURLINGHAM', 'D'),
(115, 'MORON', 'D'),
(116, 'CHACABUCO', 'D'),
(117, 'MALVINAS ARGENTINAS', 'D'),
(118, 'JOSE C PAZ', 'D'),
(119, 'GENERAL SAN MARTIN', 'D'),
(120, 'MORENO', 'D'),
(121, 'LINCOLN', 'D'),
(122, 'ITUZAINGO', 'D'),
(123, 'FLORENTINO AMEGHINO', 'D'),
(124, 'LA MATANZA', 'D'),
(125, 'RIVADAVIA', 'D'),
(126, 'GENERAL RODRIGUEZ', 'D'),
(127, 'SUIPACHA', 'D'),
(128, 'TRES DE FEBRERO', 'D'),
(129, 'MERLO', 'D'),
(130, 'CHIVILCOY', 'D'),
(131, 'BRAGADO', 'D'),
(132, 'LANUS', 'D'),
(133, 'GENERAL LAS HERAS', 'D'),
(134, 'MARCOS PAZ', 'D'),
(135, 'LOMAS DE ZAMORA', 'D'),
(136, 'GENERAL VIAMONTE', 'D'),
(137, 'ESTEBAN ECHEVERRIA', 'D'),
(138, 'EZEIZA', 'D'),
(139, 'ALBERTI', 'D'),
(140, 'FLORENCIO VARELA', 'D'),
(141, 'NAVARRO', 'D'),
(142, 'SANTA LUCIA', 'D'),
(143, 'CAÑUELAS', 'D'),
(144, 'SAN VICENTE', 'D'),
(145, 'LOBOS', 'D'),
(146, 'BRANDSEN', 'D'),
(147, 'CARLOS TEJEDOR', 'D'),
(148, '25 DE MAYO', 'D'),
(149, '9 DE JULIO', 'D'),
(150, 'GENERAL PAZ', 'D'),
(151, 'MONTE', 'D'),
(152, 'ROQUE PEREZ', 'D'),
(153, 'GENERAL ALVEAR', 'D'),
(154, 'QUILMES', 'D'),
(155, 'PILA', 'D'),
(156, 'GENERAL LA MADRID', 'D'),
(157, 'BOLIVAR', 'D'),
(158, 'BALCARCE', 'D'),
(159, 'VICENTE LOPEZ', 'D'),
(160, 'CAPITAL', 'D'),
(161, 'TAPALQUE', 'D'),
(162, 'HIPOLITO YRIGOYEN', 'D'),
(163, 'DOLORES', 'D'),
(164, 'RAUCH', 'D'),
(165, 'AZUL', 'D'),
(166, 'DAIREAUX', 'D'),
(167, 'TRES LOMAS', 'D'),
(168, 'AYACUCHO', 'D'),
(169, 'GUAMINI', 'D'),
(170, 'SALLIQUELO', 'D'),
(171, 'GENERAL JUAN MADARIAGA', 'D'),
(172, 'ENSENADA', 'D'),
(173, 'BERAZATEGUI', 'D'),
(174, 'TANDIL', 'D'),
(175, 'GUAYMALLEN', 'D'),
(176, 'CORONEL SUAREZ', 'D'),
(177, 'LAPRIDA', 'D'),
(178, 'AVELLANEDA', 'D'),
(179, 'SAN ISIDRO', 'D'),
(180, 'BENITO JUAREZ', 'D'),
(181, 'SAAVEDRA', 'D'),
(182, 'ADOLFO GONZALES CHAVES', 'D'),
(183, 'CORONEL PRINGLES', 'D'),
(184, 'TORNQUIST', 'D'),
(185, 'TIGRE', 'D'),
(186, 'GENERAL PINTO', 'D'),
(187, 'SAN CAYETANO', 'D'),
(188, 'TRES ARROYOS', 'D'),
(189, 'CORONEL DE MARINA LEONARDO ROSALES', 'D'),
(190, 'VILLA GESELL', 'D'),
(191, 'BAHIA BLANCA', 'D'),
(192, 'MONTE HERMOSO', 'D'),
(193, 'CORONEL DORREGO', 'D'),
(194, 'NECOCHEA', 'D'),
(195, 'LOBERIA', 'D'),
(196, 'GENERAL ALVARADO', 'D'),
(197, 'CHASCOMUS', 'D'),
(198, 'BERISSO', 'D'),
(199, 'GENERAL PUEYRREDON', 'D'),
(200, 'MAR CHIQUITA', 'D'),
(201, 'LA COSTA', 'D'),
(202, 'GENERAL LAVALLE', 'D'),
(203, 'TORDILLO', 'D'),
(204, 'CASTELLI', 'D'),
(205, 'PUNTA INDIO', 'D'),
(206, 'MAGDALENA', 'D'),
(207, 'SAN FERNANDO', 'D'),
(208, 'CAMPANA', 'D'),
(209, 'BARADERO', 'D'),
(210, 'ZARATE', 'D'),
(211, 'SAN PEDRO', 'D'),
(212, 'RAMALLO', 'D'),
(213, 'SAN NICOLAS', 'D'),
(214, 'PERGAMINO', 'D'),
(215, 'FIGUEROA', 'D'),
(216, 'COLON', 'D'),
(217, 'AVELLANEDA', 'D'),
(218, 'PELLEGRINI', 'D'),
(219, 'SALAVINA', 'D'),
(220, 'GENERAL TABOADA', 'D'),
(221, 'ALBERDI', 'D'),
(222, 'MORENO', 'D'),
(223, 'ZONDA', 'D'),
(224, 'JUAN F IBARRA', 'D'),
(225, 'CHOYA', 'D'),
(226, 'AYACUCHO', 'D'),
(227, 'RIVADAVIA', 'D'),
(228, 'OJO DE AGUA', 'D'),
(229, 'GOBERNADOR DUPUY', 'D'),
(230, 'ULLUM', 'D'),
(231, 'ANGACO', 'D'),
(232, 'ALBARDON', 'D'),
(233, 'CHIMBAS', 'D'),
(234, '9 DE JULIO', 'D'),
(235, 'RAWSON', 'D'),
(236, 'POCITO', 'D'),
(237, 'SAN MARTIN', 'D'),
(238, 'CAUCETE', 'D'),
(239, 'JACHAL', 'D'),
(240, 'TERCERO ARRIBA', 'D'),
(241, '25 DE MAYO', 'D'),
(242, 'JUAREZ CELMAN', 'D'),
(243, 'CAPITAL', 'D'),
(244, 'CACHI', 'D'),
(245, 'CERRILLOS', 'D'),
(246, 'CHICOANA', 'D'),
(247, 'LA VIÑA', 'D'),
(248, 'SANTA VICTORIA', 'D'),
(249, 'GENERAL JOSE DE SAN MARTIN', 'D'),
(250, 'SANTA ROSA', 'D'),
(251, 'RIVADAVIA', 'D'),
(252, 'METAN', 'D'),
(253, 'LA CANDELARIA', 'D'),
(254, 'MAIPU', 'D'),
(255, 'GUACHIPAS', 'D'),
(256, 'CAPITAL', 'D'),
(257, 'GODOY CRUZ', 'D'),
(258, 'CAFAYATE', 'D'),
(259, 'JUNIN', 'D'),
(260, 'RIVADAVIA', 'D'),
(261, 'GENERAL ALVEAR', 'D'),
(262, 'MOLINOS', 'D'),
(263, 'CASTRO BARROS', 'D'),
(264, 'GENERAL GÜEMES', 'D'),
(265, 'SANAGASTA', 'D'),
(266, 'SAN CARLOS', 'D'),
(267, 'GENERAL OCAMPO', 'D'),
(268, 'ROSARIO DE LERMA', 'D'),
(269, 'SAN MARTIN', 'D'),
(270, 'LA PAZ', 'D'),
(271, 'SAN RAFAEL', 'D'),
(272, 'CHILECITO', 'D'),
(273, 'GENERAL ANGEL V. PEÑALOZA', 'D'),
(274, 'GENERAL BELGRANO', 'D'),
(275, 'CHAMICAL', 'D'),
(276, 'INDEPENDENCIA', 'D'),
(277, 'GENERAL JUAN F. QUIROGA', 'D'),
(278, 'ROSARIO VERA PEÑALOZA', 'D'),
(279, 'GENERAL SAN MARTIN', 'D'),
(280, 'VINCHINA', 'D'),
(281, 'FAMATINA', 'D'),
(282, 'LIBERTAD', 'D'),
(283, 'SAN BLAS DE LOS SAUCES', 'D'),
(284, 'ARAUCO', 'D'),
(285, 'REALICO', 'D'),
(286, 'TRENEL', 'D'),
(287, 'CHALILEO', 'D'),
(288, 'LOVENTUE', 'D'),
(289, 'TOAY', 'D'),
(290, 'CAPITAL', 'D'),
(291, 'LIMAY MAHUIDA', 'D'),
(292, 'UTRACAN', 'D'),
(293, 'MAYOR LUIS J. FONTANA', 'D'),
(294, 'CURACO', 'D'),
(295, 'FRAY JUSTO SANTA MARIA DE ORO', 'D'),
(296, 'LIHUEL CALEL', 'D'),
(297, 'RANCUL', 'D'),
(298, 'CONHELO', 'D'),
(299, 'TILCARA', 'D'),
(300, 'PALPALA', 'D'),
(301, 'COCHINOCA', 'D'),
(302, 'TUMBAYA', 'D'),
(303, 'DOCTOR MANUEL BELGRANO', 'D'),
(304, 'SAN ANTONIO', 'D'),
(305, 'EL CARMEN', 'D'),
(306, 'SANTA BARBARA', 'D'),
(307, 'LEDESMA', 'D'),
(308, 'HUMAHUACA', 'D'),
(309, 'YAVI', 'D'),
(310, 'SANTA CATALINA', 'D'),
(311, 'SAN PEDRO', 'D'),
(312, '12 DE OCTUBRE', 'D'),
(313, 'VALLE GRANDE', 'D'),
(314, 'RINCONADA', 'D'),
(315, 'CHACABUCO', 'D'),
(316, 'RAMON LISTA', 'D'),
(317, 'PILCOMAYO', 'D'),
(318, 'FORMOSA', 'D'),
(319, 'CAPITAL', 'D'),
(320, 'ANCASTI', 'D'),
(321, 'BELEN', 'D'),
(322, 'SANTA MARIA', 'D'),
(323, 'ANDALGALA', 'D'),
(324, 'AMBATO', 'D'),
(325, 'PACLIN', 'D'),
(326, 'SANTA ROSA', 'D'),
(327, 'EL ALTO', 'D'),
(328, 'SOBREMONTE', 'D'),
(329, 'LA PAZ', 'D'),
(330, 'POMAN', 'D'),
(331, 'RIO GRANDE', 'D'),
(332, 'MARTIRES', 'D'),
(333, 'PASO DE INDIOS', 'D'),
(334, 'MAGALLANES', 'D'),
(335, 'SARGENTO CABRAL', 'D'),
(336, 'COMANDANTE FERNANDEZ', 'D'),
(337, 'INDEPENDENCIA', 'D'),
(338, 'CORPEN AIKE', 'D'),
(339, 'DESEADO', 'D'),
(340, 'CONESA', 'D'),
(341, 'LANGUIÑEO', 'D'),
(342, 'GAIMAN', 'D'),
(343, 'GENERAL BELGRANO', 'D'),
(344, 'GENERAL DONOVAN', 'D'),
(345, 'RAWSON', 'D'),
(346, 'TEHUELCHES', 'D'),
(347, 'ESCALANTE', 'D'),
(348, 'FLORENTINO AMEGHINO', 'D'),
(349, '25 DE MAYO', 'D'),
(350, 'GENERAL LAMADRID', 'D'),
(351, 'CALINGASTA', 'D'),
(352, 'MAIPU', 'D'),
(353, '1° DE MAYO', 'D'),
(354, 'TULUMBA', 'D'),
(355, 'ISCHILIN', 'D'),
(356, 'TOTORAL', 'D'),
(357, 'CRUZ DEL EJE', 'D'),
(358, 'COLON', 'D'),
(359, 'PUNILLA', 'D'),
(360, 'CAPITAL', 'D'),
(361, 'GENERAL SAN MARTIN', 'D'),
(362, 'SANTA MARIA', 'D'),
(363, 'MINAS', 'D'),
(364, 'POCHO', 'D'),
(365, 'SAN ALBERTO', 'D'),
(366, 'SAN JAVIER', 'D'),
(367, 'RIO SEGUNDO', 'D'),
(368, 'SAN JUSTO', 'D'),
(369, 'UNION', 'D'),
(370, 'RIO PRIMERO', 'D'),
(371, 'MARCOS JUAREZ', 'D'),
(372, 'RIO CUARTO', 'D'),
(373, 'ANTOFAGASTA DE LA SIERRA', 'D'),
(374, 'TINOGASTA', 'D'),
(375, 'GENERAL ROCA', 'D'),
(376, 'LEANDRO N ALEM', 'D'),
(377, 'TUPUNGATO', 'D'),
(378, 'TUNUYAN', 'D'),
(379, 'LUJAN DE CUYO', 'D'),
(380, 'FUTALEUFU', 'D'),
(381, 'RIO CHICO', 'D'),
(382, 'LAGO ARGENTINO', 'D'),
(383, 'SAN JAVIER', 'D'),
(384, 'CONCEPCION', 'D'),
(385, 'GUARANI', 'D'),
(386, 'GENERAL ARENALES', 'D'),
(387, '25 DE MAYO', 'D'),
(388, 'OBERA', 'D'),
(389, 'GENERAL MANUEL BELGRANO', 'D'),
(390, 'SAN IGNACIO', 'D'),
(391, 'PIRANE', 'D'),
(392, 'PATIÑO', 'D'),
(393, 'BERMEJO', 'D'),
(394, 'BERMEJO', 'D'),
(395, 'LIBERTADOR GENERAL SAN MARTIN', 'D'),
(396, 'GENERAL GUEMES', 'D'),
(397, 'PILAGAS', 'D'),
(398, 'VALCHETA', 'D'),
(399, 'SAN ANTONIO', 'D'),
(400, 'LAISHI', 'D'),
(401, '9 DE JULIO', 'D'),
(402, 'ÑORQUINCO', 'D'),
(403, '25 DE MAYO', 'D'),
(404, 'BIEDMA', 'D'),
(405, 'TELSEN', 'D'),
(406, 'GASTRE', 'D'),
(407, 'EL CUY', 'D'),
(408, 'PILCANIYEU', 'D'),
(409, 'CALAMUCHITA', 'D'),
(410, 'ADOLFO ALSINA', 'D'),
(411, 'RIVADAVIA', 'D'),
(412, 'PELLEGRINI', 'D'),
(413, 'PUAN', 'D'),
(414, 'VILLARINO', 'D'),
(415, 'MARACO', 'D'),
(416, 'QUEMU QUEMU', 'D'),
(417, 'CATRILO', 'D'),
(418, 'CALEU CALEU', 'D'),
(419, 'GUATRACHE', 'D'),
(420, 'HUCAL', 'D'),
(421, 'PATAGONES', 'D'),
(422, 'CHAPALEUFU', 'D'),
(423, 'IGUAZU', 'D'),
(424, 'IRIONDO', 'D'),
(425, 'SAN JUSTO', 'D'),
(426, 'LAS COLONIAS', 'D'),
(427, 'SARMIENTO', 'D'),
(428, 'LAS HERAS', 'D'),
(429, 'LAVALLE', 'D'),
(430, 'MALARGÜE', 'D'),
(431, 'SAN JERONIMO', 'D'),
(432, 'GENERAL LOPEZ', 'D'),
(433, 'ROSARIO', 'D'),
(434, 'SAN LORENZO', 'D'),
(435, 'PICHI MAHUIDA', 'D'),
(436, 'ADOLFO ALSINA', 'D'),
(437, 'USHUAIA', 'D'),
(438, 'RIO SENGUER', 'D'),
(439, 'BARILOCHE', 'D'),
(440, 'GARAY', 'D'),
(441, 'SAN JAVIER', 'D'),
(442, 'VERA', 'D'),
(443, 'CASTELLANOS', 'D'),
(444, 'BELGRANO', 'D'),
(445, 'CASEROS', 'D'),
(446, '9 DE JULIO', 'D'),
(447, 'SAN MARTIN', 'D'),
(448, 'GENERAL OBLIGADO', 'D'),
(449, 'LA CAPITAL', 'D'),
(450, 'CONSTITUCION', 'D'),
(451, 'LOS ANDES', 'D'),
(452, 'SUSQUES', 'D'),
(453, 'SAN FERNANDO', 'D'),
(454, 'SAN COSME', 'D'),
(455, 'LA POMA', 'D'),
(456, 'CHACABUCO', 'D'),
(457, 'JUAN MARTIN DE PUEYRREDON', 'D'),
(458, 'GENERAL PEDERNERA', 'D'),
(459, 'LIBERTADOR GENERAL SAN MARTIN', 'D'),
(460, 'CORONEL PRINGLES', 'D'),
(461, 'JUNIN', 'D'),
(462, 'LA CALDERA', 'D'),
(463, 'CAPITAL', 'D'),
(464, 'HUILICHES', 'D'),
(465, 'CATAN LIL', 'D'),
(466, 'IRUYA', 'D'),
(467, 'ORAN', 'D'),
(468, 'MATACOS', 'D'),
(469, 'SILIPICA', 'D'),
(470, 'ANTA', 'D'),
(471, 'ALMIRANTE BROWN', 'D'),
(472, 'COPO', 'D'),
(473, 'RIO HONDO', 'D'),
(474, 'ROSARIO DE LA FRONTERA', 'D'),
(475, 'RIO SECO', 'D'),
(476, 'VALLE FERTIL', 'D'),
(477, 'IGLESIA', 'D'),
(478, 'AVELLANEDA', 'D'),
(479, 'GENERAL ROCA', 'D'),
(480, 'BELGRANO', 'D'),
(481, 'LOS LAGOS', 'D'),
(482, 'LACAR', 'D'),
(483, 'COLLON CURA', 'D'),
(484, 'PICUN LEUFU', 'D'),
(485, 'ALUMINE', 'D'),
(486, 'ZAPALA', 'D'),
(487, 'CONFLUENCIA', 'D'),
(488, 'PICUNCHES', 'D'),
(489, 'AÑELO', 'D'),
(490, 'LONCOPUE', 'D'),
(491, 'ÑORQUIN', 'D'),
(492, 'PEHUENCHES', 'D'),
(493, 'MINAS', 'D'),
(494, 'CHOS MALAL', 'D'),
(495, 'LA COCHA', 'D'),
(496, 'GRANEROS', 'D'),
(497, 'JUAN BAUTISTA ALBERDI', 'D'),
(498, 'RIO CHICO', 'D'),
(499, 'CHICLIGASTA', 'D'),
(500, 'SIMOCA', 'D'),
(501, 'LULES', 'D'),
(502, 'MONTEROS', 'D'),
(503, 'LEALES', 'D'),
(504, 'FAMAILLA', 'D'),
(505, 'YERBA BUENA', 'D'),
(506, 'BURRUYACU', 'D'),
(507, 'TAFI VIEJO', 'D'),
(508, 'TAFI DEL VALLE', 'D'),
(509, 'ISLAS MALVINAS', 'D'),
(510, 'CAPITAL', 'D'),
(511, 'CRUZ ALTA', 'D'),
(512, 'COMUNA 6', 'D'),
(513, 'TRANCAS', 'D'),
(514, 'SARMIENTO', 'D'),
(515, 'SAN CRISTOBAL', 'D'),
(516, 'CUSHAMEN', 'D'),
(517, 'LAGO BUENOS AIRES', 'D'),
(518, 'CHICAL CO', 'D'),
(519, 'PUELEN', 'D'),
(520, 'COMUNA 1', 'D'),
(521, 'ISLAS DEL ATLANTICO SUR', 'D'),
(522, 'COMUNA 2', 'D'),
(523, 'COMUNA 3', 'D'),
(524, 'COMUNA 4', 'D'),
(525, 'COMUNA 5', 'D'),
(526, 'COMUNA 7', 'D'),
(527, 'COMUNA 8', 'D'),
(528, 'COMUNA 9', 'D'),
(529, 'BANDA', 'D'),
(530, 'COMUNA 10', 'D'),
(531, 'COMUNA 11', 'D'),
(532, 'COMUNA 12', 'D'),
(533, 'ROBLES', 'D'),
(534, 'CAPITAL', 'D'),
(535, 'COMUNA 13', 'D'),
(536, 'COMUNA 14', 'D'),
(537, 'COMUNA 15', 'D'),
(538, 'VALLE VIEJO', 'D'),
(539, 'FRAY MAMERTO ESQUIU', 'D'),
(540, 'GÜER AIKE', 'D'),
(541, 'SAN MARTIN', 'D'),
(542, 'MITRE', 'D'),
(543, 'SARMIENTO', 'D'),
(544, 'ATAMISQUI', 'D'),
(545, 'LORETO', 'D'),
(546, 'GUASAYAN', 'D'),
(547, 'JIMENEZ', 'D'),
(548, 'QUEBRACHOS', 'D'),
(549, 'BELGRANO', 'D'),
(550, 'AGUIRRE', 'D'),
(551, 'SAN CARLOS', 'D'),
(552, 'LEZAMA', 'D'),
(553, 'ANTARTIDA ARGENTINA', 'D');

-- --------------------------------------------------------

--
-- Estructura de tabla para la tabla `usuarios`
--

DROP TABLE IF EXISTS `usuarios`;
CREATE TABLE IF NOT EXISTS `usuarios` (
  `id` int(11) unsigned NOT NULL AUTO_INCREMENT,
  `username` varchar(180) COLLATE utf8_unicode_ci NOT NULL,
  `username_canonical` varchar(180) COLLATE utf8_unicode_ci NOT NULL,
  `email` varchar(180) COLLATE utf8_unicode_ci NOT NULL,
  `email_canonical` varchar(180) COLLATE utf8_unicode_ci NOT NULL,
  `apellido` varchar(50) CHARACTER SET utf8 COLLATE utf8_spanish_ci NOT NULL,
  `nombre` varchar(50) CHARACTER SET utf8 COLLATE utf8_spanish_ci NOT NULL,
  `domicilio` varchar(100) CHARACTER SET utf8 COLLATE utf8_spanish_ci NOT NULL,
  `localidad` varchar(100) CHARACTER SET utf8 COLLATE utf8_spanish_ci NOT NULL,
  `provincia` varchar(100) CHARACTER SET utf8 COLLATE utf8_spanish_ci NOT NULL,
  `telefono` varchar(50) CHARACTER SET utf8 COLLATE utf8_spanish_ci NOT NULL,
  `dependencia` varchar(100) CHARACTER SET utf8 COLLATE utf8_spanish_ci NOT NULL,
  `ambito` enum('N','P','D','L','R') CHARACTER SET utf8 COLLATE utf8_spanish_ci NOT NULL,
  `observaciones` varchar(255) CHARACTER SET utf8 COLLATE utf8_spanish_ci DEFAULT NULL,
  `enabled` tinyint(1) NOT NULL,
  `salt` varchar(255) COLLATE utf8_unicode_ci NOT NULL,
  `password` varchar(255) COLLATE utf8_unicode_ci NOT NULL,
  `last_login` datetime DEFAULT NULL,
  `locked` tinyint(1) NOT NULL,
  `expired` tinyint(1) NOT NULL,
  `expires_at` datetime DEFAULT NULL,
  `confirmation_token` varchar(180) COLLATE utf8_unicode_ci DEFAULT NULL,
  `password_requested_at` datetime DEFAULT NULL,
  `roles` longtext COLLATE utf8_unicode_ci NOT NULL COMMENT '(DC2Type:array)',
  `credentials_expired` tinyint(1) NOT NULL,
  `credentials_expire_at` datetime DEFAULT NULL,
  PRIMARY KEY (`id`),
  UNIQUE KEY `UNIQ_957A647992FC23A8` (`username_canonical`),
  UNIQUE KEY `UNIQ_957A6479A0D96FBF` (`email_canonical`),
  UNIQUE KEY `UNIQ_957A6479C05FB297` (`confirmation_token`)
) ENGINE=InnoDB  DEFAULT CHARSET=utf8 COLLATE=utf8_unicode_ci AUTO_INCREMENT=0 ;

--
-- Volcado de datos para la tabla `usuarios`
--

INSERT INTO `usuarios` (`id`, `username`, `username_canonical`, `email`, `email_canonical`, `apellido`, `nombre`, `domicilio`, `localidad`, `provincia`, `telefono`, `dependencia`, `ambito`, `observaciones`, `enabled`, `salt`, `password`, `last_login`, `locked`, `expired`, `expires_at`, `confirmation_token`, `password_requested_at`, `roles`, `credentials_expired`, `credentials_expire_at`) VALUES
(1, 'root', 'root', 'hgelt@politicassociales.gob.ar ', 'hgelt@politicassociales.gob.ar ', '', '', '', '', '', '', '', 'N', NULL, 1, 'p004rq1adaso08sw08gskkgcw48o84c', '$2y$13$p004rq1adaso08sw08gskeyrspSFcPvBTyHqX5swLtP1Zxr5RgtaO', '2017-02-17 12:41:56', 0, 0, NULL, NULL, NULL, 'a:1:{i:0;s:16:"ROLE_SUPER_ADMIN";}', 0, NULL);

-- --------------------------------------------------------

--
-- Estructura de tabla para la tabla `usuariosRefGeografica`
--

DROP TABLE IF EXISTS `usuariosRefGeografica`;
CREATE TABLE IF NOT EXISTS `usuariosRefGeografica` (
  `id_usuario` int(11) unsigned NOT NULL,
  `id_refGeografica` int(11) unsigned NOT NULL,
  PRIMARY KEY (`id_usuario`,`id_refGeografica`),
  KEY `usuariosRefGeografica_ibfk_2` (`id_refGeografica`)
) ENGINE=InnoDB DEFAULT CHARSET=utf8 COLLATE=utf8_spanish_ci;

-- --------------------------------------------------------

--
-- Estructura de tabla para la tabla `valoresIndicadores`
--

DROP TABLE IF EXISTS `valoresIndicadores`;
CREATE TABLE IF NOT EXISTS `valoresIndicadores` (
  `idValoresIndicadoresConfigFecha` int(11) unsigned NOT NULL,
  `idEtiqueta` varchar(30) COLLATE utf8_spanish_ci NOT NULL COMMENT 'Clave en formato string que representa el cruce de etuqietas del registro',
  `idRefGeografica` int(11) unsigned NOT NULL,
  `valor` decimal(15,6) NOT NULL,
  `aprobado` tinyint(1) NOT NULL,
  `idUsuario` int(11) unsigned NOT NULL,
  `fechaModificacion` datetime NOT NULL,
  PRIMARY KEY (`idValoresIndicadoresConfigFecha`,`idRefGeografica`,`idEtiqueta`),
  KEY `idDesglocesIndicadoresndicadores` (`idValoresIndicadoresConfigFecha`),
  KEY `idRefGeografica` (`idRefGeografica`),
  KEY `idEtiqueta` (`idEtiqueta`),
  KEY `idUsuario` (`idUsuario`)
) ENGINE=InnoDB DEFAULT CHARSET=utf8 COLLATE=utf8_spanish_ci;

-- --------------------------------------------------------

--
-- Estructura de tabla para la tabla `valoresIndicadoresConfigFecha`
--

DROP TABLE IF EXISTS `valoresIndicadoresConfigFecha`;
CREATE TABLE IF NOT EXISTS `valoresIndicadoresConfigFecha` (
  `id` int(11) unsigned NOT NULL AUTO_INCREMENT,
  `idIndicador` int(11) unsigned NOT NULL,
  `fecha` date NOT NULL,
  `cruzado` tinyint(1) NOT NULL,
  PRIMARY KEY (`id`),
  UNIQUE KEY `desglocesIndicadores_uniq_1` (`idIndicador`,`fecha`)
) ENGINE=InnoDB  DEFAULT CHARSET=utf8 COLLATE=utf8_spanish_ci AUTO_INCREMENT=0 ;

-- --------------------------------------------------------

--
-- Estructura de tabla para la tabla `valoresIndicadoresConfigFechaDesgloces`
--

DROP TABLE IF EXISTS `valoresIndicadoresConfigFechaDesgloces`;
CREATE TABLE IF NOT EXISTS `valoresIndicadoresConfigFechaDesgloces` (
  `idDesgloce` int(11) unsigned NOT NULL,
  `idValoresIndicadoresConfigFecha` int(11) unsigned NOT NULL,
  PRIMARY KEY (`idDesgloce`,`idValoresIndicadoresConfigFecha`),
  KEY `desglocesSeleccionados_ibfk_2` (`idValoresIndicadoresConfigFecha`)
) ENGINE=InnoDB DEFAULT CHARSET=latin1;

--
-- Restricciones para tablas volcadas
--

--
-- Filtros para la tabla `agrupamientoRefGeografica`
--
ALTER TABLE `agrupamientoRefGeografica`
  ADD CONSTRAINT `refGeografica_ibfk_1` FOREIGN KEY (`id1`) REFERENCES `refGeografica` (`id`),
  ADD CONSTRAINT `refGeografica_ibfk_2` FOREIGN KEY (`id2`) REFERENCES `refGeografica` (`id`);

--
-- Filtros para la tabla `desglocesIndicadores`
--
ALTER TABLE `desglocesIndicadores`
  ADD CONSTRAINT `desglocesIndicadores_ibfk_1` FOREIGN KEY (`idIndicador`) REFERENCES `indicadores` (`id`),
  ADD CONSTRAINT `desglocesIndicadores_ibfk_2` FOREIGN KEY (`idDesgloce`) REFERENCES `desgloces` (`id`);

--
-- Filtros para la tabla `etiquetas`
--
ALTER TABLE `etiquetas`
  ADD CONSTRAINT `etiquetas_ibfk_1` FOREIGN KEY (`fkIdDesgloce`) REFERENCES `desgloces` (`id`) ON UPDATE CASCADE;

--
-- Filtros para la tabla `indicadores`
--
ALTER TABLE `indicadores`
  ADD CONSTRAINT `indicadores_ibfk_1` FOREIGN KEY (`fkIdMeta`) REFERENCES `metas` (`id`) ON UPDATE CASCADE,
  ADD CONSTRAINT `indicadores_ibfk_2` FOREIGN KEY (`idUsuario`) REFERENCES `usuarios` (`id`);

--
-- Filtros para la tabla `metas`
--
ALTER TABLE `metas`
  ADD CONSTRAINT `metas_ibfk_1` FOREIGN KEY (`fkIdObjetivo`) REFERENCES `objetivos` (`id`) ON UPDATE CASCADE,
  ADD CONSTRAINT `metas_ibfk_2` FOREIGN KEY (`idUsuario`) REFERENCES `usuarios` (`id`);

--
-- Filtros para la tabla `usuariosRefGeografica`
--
ALTER TABLE `usuariosRefGeografica`
  ADD CONSTRAINT `usuariosRefGeografica_ibfk_2` FOREIGN KEY (`id_refGeografica`) REFERENCES `refGeografica` (`id`) ON DELETE CASCADE,
  ADD CONSTRAINT `usuariosRefGeografica_ibfk_3` FOREIGN KEY (`id_usuario`) REFERENCES `usuarios` (`id`);

--
-- Filtros para la tabla `valoresIndicadores`
--
ALTER TABLE `valoresIndicadores`
  ADD CONSTRAINT `valoresIndicadores_ibfk_2` FOREIGN KEY (`idRefGeografica`) REFERENCES `refGeografica` (`id`),
  ADD CONSTRAINT `valoresIndicadores_ibfk_3` FOREIGN KEY (`idUsuario`) REFERENCES `usuarios` (`id`),
  ADD CONSTRAINT `valoresIndicadores_ibfk_4` FOREIGN KEY (`idValoresIndicadoresConfigFecha`) REFERENCES `valoresIndicadoresConfigFecha` (`id`);

--
-- Filtros para la tabla `valoresIndicadoresConfigFecha`
--
ALTER TABLE `valoresIndicadoresConfigFecha`
  ADD CONSTRAINT `valoresIndicadoresConfigFecha_ibfk_1` FOREIGN KEY (`idIndicador`) REFERENCES `indicadores` (`id`);

--
-- Filtros para la tabla `valoresIndicadoresConfigFechaDesgloces`
--
ALTER TABLE `valoresIndicadoresConfigFechaDesgloces`
  ADD CONSTRAINT `valoresIndicadoresConfigFechaDesgloces_ibfk_1` FOREIGN KEY (`idDesgloce`) REFERENCES `desgloces` (`id`),
  ADD CONSTRAINT `valoresIndicadoresConfigFechaDesgloces_ibfk_2` FOREIGN KEY (`idValoresIndicadoresConfigFecha`) REFERENCES `valoresIndicadoresConfigFecha` (`id`);


SET FOREIGN_KEY_CHECKS=1;

/*!40101 SET CHARACTER_SET_CLIENT=@OLD_CHARACTER_SET_CLIENT */;
/*!40101 SET CHARACTER_SET_RESULTS=@OLD_CHARACTER_SET_RESULTS */;
/*!40101 SET COLLATION_CONNECTION=@OLD_COLLATION_CONNECTION */; 
